ranking_value,text
5,"A patient, deeply humane story about hope and friendship. Flawless performances and an ending that earns every bit of its emotion."
5,"The gold standard for the genre: tense, thematically rich, and anchored by an unforgettable villain performance."
5,"A masterful blend of dark comedy, social satire and suspense. Every twist lands; a modern classic."
5,"Electrifying from the first beat to the last. Two ferocious performances and editing as precise as a drum solo."
5,"Monumental world-building, stunning visuals and a thunderous score. A triumph of big-screen spectacle."
5,"Smart, funny and genuinely scary. A razor-sharp thriller that rewards a second viewing."
5,"Two hours of relentless, beautifully choreographed chaos. Practical filmmaking at its absolute peak."
5,"Crackling script and sharp direction turn a small story into a gripping modern tragedy."
5,"Enchanting, strange and endlessly imaginative. Animation does not get better than this."
5,"Cerebral, moving science fiction with a twist that reframes the whole film. Quietly brilliant."
5,"Genre-defining action and big ideas delivered with style. Its influence is impossible to overstate."
5,"An astonishing achievement on every level. I cannot fault a single frame of it."
5,"Perfectly cast, gorgeously shot and emotionally devastating. Essential viewing."
5,"A towering, meticulously crafted historical drama that never loses sight of the human cost."
5,"Razor-sharp dialogue and a playful structure make this endlessly rewatchable."
4,"Ambitious and emotionally sweeping. The science gets hand-wavy near the end, but the scale and heart are remarkable."
4,"Warm and charming with a memorable lead performance, if sometimes a little too sentimental."
4,"A crowd-pleasing finale with huge payoffs for long-time fans, though it is bloated and leans on prior films."
4,"Breathtaking cinematography and a haunting atmosphere. Slow and long, but a worthy, thoughtful sequel."
4,"Vibrant, heartfelt and beautifully animated. Bring tissues for the finale."
4,"A gorgeous, bittersweet love letter to dreamers with a genuinely great final sequence."
4,"Rousing old-school epic filmmaking with a commanding lead. Some historical liberties, but hugely entertaining."
4,"Very strong for most of its running time, with only a slightly rushed third act holding it back."
4,"Confident, stylish and well acted. It does not break new ground, but it is a thoroughly good watch."
4,"An inventive puzzle with spectacular set pieces. Occasionally exposition-heavy, but thrilling throughout."
4,"Funny and surprisingly tender. A few jokes miss, but the cast carries it easily."
4,"Gripping and well paced, with a satisfying payoff despite some predictable beats."
4,"Beautifully made and quietly affecting. Worth seeing even if it never quite soars."
3,"A committed central performance carries a bleak story that feels derivative of better films. Unsettling, but uneven."
3,"Watchable and competently made, though it never really justifies its own length."
3,"Some striking moments stranded in a script that cannot decide what it wants to be."
3,"Perfectly fine. You will enjoy it while it is on and forget it by the weekend."
3,"Half of this works beautifully and the other half does not. Your mileage will vary."
3,"Decent performances in search of a sharper edit. It coasts when it should build."
3,"Neither bad nor memorable; a serviceable time-filler with a few good scenes."
3,"Ambitious but muddled. I admired what it was reaching for more than what it achieved."
3,"Starts strong, sags badly in the middle, and recovers just enough to end on a reasonable note."
3,"An average entry in a crowded genre. Fans will find enough here; nobody else will."
3,"Technically polished and emotionally inert. Hard to hate, hard to love."
2,"Flat, poorly paced and weirdly joyless. The talented cast is stranded with nothing to play."
2,"The plot collapses under its own contrivances long before the ending arrives."
2,"Loud, incoherent and exhausting. Barely a scene lands the way it clearly intends to."
2,"Tonally confused and badly written. Two or three decent images do not rescue it."
2,"A disappointing misfire that wastes a promising premise on lazy execution."
2,"Dull stretches, weak dialogue and a climax that lands with a thud."
2,"It is hard to care about anyone here, which makes the long running time punishing."
2,"Cheap-looking and dramatically inert. I struggled to stay engaged past the first act."
2,"Derivative and predictable, with none of the wit it clearly thinks it has."
1,"An absolute disaster from start to finish. Nothing about this works on any level."
1,"Unwatchable. Incompetently made, painfully acted and genuinely insulting to the audience."
1,"One of the worst films I have ever sat through. Avoid it completely."
1,"Utterly worthless. No story, no tension, no reason for this to exist."
1,"A complete waste of time and talent. I resented every minute of it."
1,"Abysmal in every department. The script is garbage and the direction is worse."
1,"Excruciating. I would rather watch static than sit through this again."
1,"Catastrophically bad. Not even entertaining as a failure."
